time,latitude,longitude,depth,mag,magType,nst,gap,dmin,rms,net,id,updated,place,type,horizontalError,depthError,magError,magNst,status,locationSource,magSource
2017-03-31T04:59:45.090Z,33.6485,-116.6818333,-0.35,1.14,ml,22,86,0.06807,0.36,ci,ci37845048,2017-03-31T05:04:15.590Z,"10km N of Anza, CA",earthquake,0.58,31.61,0.222,29,automatic,ci,ci
2017-03-31T04:59:40.000Z,33.687,-116.8945,40.49,1.12,ml,21,84,0.02445,0.37,ci,ci37845040,2017-03-31T05:03:44.273Z,"7km S of Valle Vista, CA",earthquake,1.84,1.54,0.109,6,automatic,ci,ci
2017-03-31T04:59:31.520Z,34.4346667,-117.3228333,0.11,1.8,ml,16,269,0.5854,0.19,ci,ci37845056,2017-03-31T05:03:40.610Z,"2km WNW of Hesperia, CA",earthquake,4.05,31.61,0.448,19,automatic,ci,ci
2017-03-31T04:57:11.001Z,61.7211,-148.3939,14.1,1.1,ml,,,,0.32,ak,ak15650295,2017-03-31T05:01:14.777Z,"25km ESE of Sutton-Alpine, Alaska",earthquake,,0.3,,,automatic,ak,ak
2017-03-31T04:55:37.180Z,38.791832,-122.7805023,2.86,2.05,md,30,115,0.005949,0.03,nc,nc72782896,2017-03-31T05:00:02.933Z,"2km NW of The Geysers, California",earthquake,0.24,0.37,0.21,10,automatic,nc,nc
2017-03-31T04:35:09.530Z,-5.5496,151.8745,61.23,5.1,mb,,68,1.38,0.87,us,us10008dfx,2017-03-31T04:51:14.040Z,"139km SSW of Kokopo, Papua New Guinea",earthquake,9.2,8,0.075,58,reviewed,us,us
2017-03-31T04:11:35.548Z,60.4384,-148.2213,17.9,2.4,ml,,,,1.17,ak,ak15650076,2017-03-31T04:15:23.833Z,"45km SE of Whittier, Alaska",earthquake,,0.3,,,automatic,ak,ak
2017-03-31T04:11:21.716Z,65.9898,-147.6763,3.9,1.6,ml,,,,0.6,ak,ak15650075,2017-03-31T04:15:24.076Z,"125km WSW of Fort Yukon, Alaska",earthquake,,0.3,,,automatic,ak,ak
2017-03-31T03:49:16.570Z,-4.3969,102.1241,47.76,4.9,mb,,99,0.83,0.8,us,us10008dfl,2017-03-31T04:22:52.882Z,"67km SSW of Bengkulu, Indonesia",earthquake,6.8,7.2,0.075,56,reviewed,us,us
2017-03-31T03:44:20.360Z,32.9226667,-116.2891667,9.56,2.78,ml,62,58,0.1161,0.21,ci,ci37845032,2017-03-31T03:55:53.310Z,"25km ENE of Pine Valley, CA",earthquake,0.22,0.85,0.093,25,automatic,ci,ci
2017-03-31T03:31:29.770Z,36.0060005,-120.5579987,4.29,0.92,md,7,104,0.01767,0.01,nc,nc72782886,2017-03-31T03:42:02.794Z,"23km SW of Coalinga, California",earthquake,0.72,0.95,0.25,3,automatic,nc,nc
2017-03-31T03:31:01.950Z,36.0053329,-120.5709991,2.91,1.09,md,12,98,0.02818,0.08,nc,nc72782881,2017-03-31T03:38:01.787Z,"24km SW of Coalinga, California",earthquake,0.39,0.95,0.33,6,automatic,nc,nc
2017-03-31T03:21:31.350Z,48.3732,154.2827,73.6,4.4,mb,,136,5.213,0.76,us,us10008dfi,2017-03-31T03:44:22.040Z,"289km SSW of Severo-Kuril'sk, Russia",earthquake,11.1,8.1,0.103,27,reviewed,us,us
2017-03-31T02:18:04.531Z,61.2111,-147.0877,0,2.2,ml,,,,0.64,ak,ak15649867,2017-03-31T03:10:49.668Z,"40km WNW of Valdez, Alaska",earthquake,,0.2,,,automatic,ak,ak
2017-03-31T02:17:49.760Z,37.2926674,-121.6735001,1.18,1.84,md,13,74,0.03362,0.05,nc,nc72782861,2017-03-31T02:57:03.989Z,"14km E of Seven Trees, California",earthquake,0.25,0.58,0.13,11,automatic,nc,nc
2017-03-31T02:16:39.630Z,33.234,-116.1128333,1.03,1.69,ml,41,58,0.1253,0.23,ci,ci37845000,2017-03-31T02:27:31.690Z,"10km N of Ocotillo Wells, CA",earthquake,0.32,31.61,0.122,27,automatic,ci,ci
2017-03-31T01:59:27.010Z,37.5863333,-118.8748333,0.02,0.57,md,8,225,0.03394,0.02,nc,nc72782851,2017-03-31T02:15:03.658Z,"11km SE of Mammoth Lakes, California",earthquake,0.58,1.49,0.18,7,reviewed,nc,nc
2017-03-31T01:48:49.010Z,37.5183333,-119.3193333,13.3,1.4,md,20,89,0.1804,0.08,nc,nc72782846,2017-03-31T03:08:01.741Z,"33km WSW of Mammoth Lakes, California",earthquake,0.42,1.14,0.142,18,reviewed,nc,nc
2017-03-31T01:45:51.560Z,-10.3283,-74.9868,114.02,4.9,mb,,96,2.456,0.84,us,us10008dfd,2017-03-31T04:10:43.659Z,"53km ENE of Oxapampa, Peru",earthquake,7.9,8.8,0.058,95,reviewed,us,us
2017-03-31T01:15:52.500Z,19.1492,-65.204,43,3.2,Md,5,313.2,0.83992479,0.25,pr,pr17090001,2017-03-31T04:26:56.924Z,"93km NNW of Charlotte Amalie, U.S. Virgin Islands",earthquake,4.6,14.3,0,4,reviewed,pr,pr
2017-03-31T01:09:58.390Z,40.1605,-121.0548333,7.01,2.17,md,17,78,0.1746,0.17,nc,nc72782841,2017-03-31T02:58:02.969Z,"9km WNW of Greenville, California",earthquake,0.46,1.71,0.19,16,reviewed,nc,nc
2017-03-31T01:00:50.480Z,33.9938333,-117.2531667,12.68,1.45,ml,43,44,0.06448,0.21,ci,ci37844984,2017-03-31T01:04:50.956Z,"6km S of Loma Linda, CA",earthquake,0.29,0.72,0.167,27,automatic,ci,ci
2017-03-31T00:58:56.260Z,23.7109,125.656,16.68,4.3,mwr,,151,2.531,1.08,us,us10008df6,2017-03-31T01:26:17.040Z,"126km SSE of Hirara, Japan",earthquake,9.7,6.8,0.068,21,reviewed,us,us
2017-03-31T00:53:08.020Z,32.8343333,-116.2801667,7.56,2.04,ml,43,62,0.1327,0.24,ci,ci37844976,2017-03-31T00:56:58.659Z,"23km E of Pine Valley, CA",earthquake,0.3,1.59,0.23,26,automatic,ci,ci
2017-03-31T00:45:32.050Z,36.532,-120.671,13.1,1.82,md,20,113,0.3108,0.14,nc,nc72782831,2017-03-31T01:27:04.673Z,"35km SW of Mendota, California",earthquake,0.8,2.11,0.219,15,reviewed,nc,nc
2017-03-31T00:32:35.100Z,19.1693,-65.2151,35,2.4,Md,3,331.2,0.85878941,0.2,pr,pr17090000,2017-03-31T04:17:29.538Z,"96km NNW of Charlotte Amalie, U.S. Virgin Islands",earthquake,3.9,16.7,0,2,reviewed,pr,pr
2017-03-31T00:22:01.030Z,32.1763333,-117.1718333,13.85,2.07,ml,13,292,0.4517,0.1,ci,ci37844968,2017-03-31T00:38:47.633Z,"22km SW of Rosarito, B.C., MX",earthquake,0.48,0.95,0.189,16,reviewed,ci,ci
2017-03-30T23:49:09.700Z,19.19,-65.1936,32,3.3,Md,7,302.4,0.88034898,0.17,pr,pr17089015,2017-03-31T01:11:38.040Z,"89km N of Culebra, Puerto Rico",earthquake,2.2,12.9,0,6,reviewed,pr,pr
2017-03-30T23:44:17.490Z,39.288,-122.756,9.29,1.54,md,12,67,0.1207,0.08,nc,nc72782826,2017-03-31T01:39:03.701Z,"19km NNE of Nice, California",earthquake,0.37,1.17,0.127,13,reviewed,nc,nc
2017-03-30T23:39:47.670Z,64.9824,-147.3363,4.3,1.8,ml,,,,0.55,ak,ak15649508,2017-03-30T23:52:51.454Z,"22km NNE of Badger, Alaska",earthquake,,0.2,,,automatic,ak,ak
2017-03-30T23:25:23.060Z,47.6321667,-122.8191667,18.85,0.89,ml,4,215,0.06819,0.05,uw,uw61250082,2017-03-31T00:07:07.430Z,"1km SE of Seabeck, Washington",earthquake,1.24,0.74,0.225,2,reviewed,uw,uw
2017-03-30T23:23:09.100Z,38.7835007,-122.7838364,-0.12,0.77,md,6,176,0.01018,0.02,nc,nc72782816,2017-03-30T23:29:02.328Z,"2km WNW of The Geysers, California",earthquake,0.55,0.68,0.21,2,automatic,nc,nc
2017-03-30T23:20:04.800Z,19.1462,-65.2307,29,3.2,Md,10,298.8,0.83543321,0.27,pr,pr17089011,2017-03-30T23:59:29.040Z,"94km NNW of Charlotte Amalie, U.S. Virgin Islands",earthquake,2.4,17.8,0,9,reviewed,pr,pr
2017-03-30T23:14:41.900Z,19.2045,-65.1139,21,3.1,Md,5,306,0.90640012,0.15,pr,pr17089013,2017-03-31T00:40:04.807Z,"97km NNW of Charlotte Amalie, U.S. Virgin Islands",earthquake,1.3,15.2,0,5,reviewed,pr,pr
2017-03-30T23:09:09.543Z,63.5863,-147.6377,2.8,1.7,ml,,,,0.82,ak,ak15649333,2017-03-30T23:15:22.450Z,"68km ENE of Cantwell, Alaska",earthquake,,0.2,,,automatic,ak,ak
2017-03-30T23:03:09.930Z,36.4679,71.2983,89.61,4,mb,,116,0.875,1.16,us,us10008de6,2017-03-30T23:47:51.040Z,"31km SW of Ashkasham, Afghanistan",earthquake,5.5,9.1,0.129,16,reviewed,us,us
2017-03-30T23:01:05.800Z,19.1602,-64.9568,33,3.4,Md,8,316.8,0.90280686,0.23,pr,pr17089012,2017-03-31T00:36:55.040Z,"92km N of Charlotte Amalie, U.S. Virgin Islands",earthquake,3.1,15.8,0,8,reviewed,pr,pr
2017-03-30T22:55:06.150Z,19.3565006,-155.232666,3.15,1.88,ml,18,102,0.01856,0.35,hv,hv61669466,2017-03-30T23:00:44.360Z,"8km S of Volcano, Hawaii",earthquake,0.45,0.59,0.2,3,automatic,hv,hv
2017-03-30T22:54:40.861Z,61.8581,-147.7618,40.2,1.8,ml,,,,0.97,ak,ak15649325,2017-03-30T23:00:29.938Z,"57km E of Sutton-Alpine, Alaska",earthquake,,0.9,,,automatic,ak,ak
2017-03-30T22:54:15.829Z,53.2023,-160.8875,35.4,3.5,ml,,,,0.77,ak,ak15649326,2017-03-30T23:50:40.171Z,"196km SSW of Chernabura Island, Alaska",earthquake,,10,,,reviewed,ak,ak
2017-03-30T22:40:45.300Z,19.1576,-65.1743,18,3.3,Md,11,302.4,0.85160289,0.15,pr,pr17089009,2017-03-30T23:41:22.040Z,"84km N of Culebra, Puerto Rico",earthquake,4.9,9.3,0,11,reviewed,pr,pr
2017-03-30T22:38:33.900Z,19.2005,-65.1869,35,3.1,Md,5,302.4,0.89292539,0.23,pr,pr17089014,2017-03-31T00:49:15.473Z,"98km NNW of Charlotte Amalie, U.S. Virgin Islands",earthquake,2.8,15.3,0,3,reviewed,pr,pr
2017-03-30T22:34:55.000Z,19.3094,-65.06,29,4,Md,18,302.4,1.01779122,0.27,pr,pr17089010,2017-03-31T03:52:15.057Z,"79km N of Culebra, Puerto Rico",earthquake,1.5,17.7,0,12,reviewed,pr,pr
2017-03-30T22:26:27.130Z,40.7065,-122.3848333,21.53,1.53,md,9,88,0.1161,0.02,nc,nc72782806,2017-03-31T02:45:04.704Z,"3km NNW of Shasta Lake, California",earthquake,0.37,0.93,0.316,9,reviewed,nc,nc
2017-03-30T22:03:40.620Z,57.0166,162.739,42.97,4.9,mb,,121,4.641,0.58,us,us10008ddx,2017-03-30T22:23:01.040Z,"89km N of Ust'-Kamchatsk Staryy, Russia",earthquake,4.9,5.3,0.034,278,reviewed,us,us
2017-03-30T21:58:17.630Z,-55.4397,-28.0883,10.61,5,mb,,102,4.989,0.57,us,us10008ddw,2017-03-30T22:15:38.040Z,"150km NNW of Visokoi Island, South Georgia and the South Sandwich Islands",earthquake,11.2,3.9,0.071,63,reviewed,us,us
2017-03-30T21:52:35.470Z,38.8089981,-122.8184967,2.78,1.26,md,19,102,0.008346,0.03,nc,nc72782801,2017-03-31T01:13:02.655Z,"6km WNW of The Geysers, California",earthquake,0.28,0.56,0.21,6,automatic,nc,nc
2017-03-30T21:43:04.770Z,36.2271667,-120.3406667,9.69,1.86,md,39,143,0.1109,0.08,nc,nc72782796,2017-03-31T03:18:01.754Z,"9km N of Coalinga, California",earthquake,0.18,0.48,0.254,27,reviewed,nc,nc
2017-03-30T21:40:52.090Z,33.4935,-116.7883333,5.18,0.82,ml,20,95,0.08342,0.09,ci,ci37844928,2017-03-30T22:01:01.360Z,"9km NE of Aguanga, CA",earthquake,0.15,0.76,0.11,18,reviewed,ci,ci
2017-03-30T21:38:37.507Z,61.5088,-146.6388,24.2,2.2,ml,,,,0.74,ak,ak15649108,2017-03-30T21:46:19.732Z,"44km NNW of Valdez, Alaska",earthquake,,0.2,,,automatic,ak,ak
2017-03-30T21:37:40.200Z,37.036,-120.5285,-0.68,2.18,md,5,293,0.3574,0.62,nc,nc72782791,2017-03-31T00:43:01.601Z,"10km ENE of Dos Palos, California",earthquake,8.08,3.13,0.057,4,reviewed,nc,nc
2017-03-30T21:24:55.700Z,56.7469,162.7727,35.7,5.1,mb,,60,4.425,0.89,us,us10008ddm,2017-03-30T21:41:52.040Z,"60km NNE of Ust'-Kamchatsk Staryy, Russia",earthquake,6.6,4.3,0.031,345,reviewed,us,us
2017-03-30T21:21:49.313Z,64.6981,-149.2552,6.4,0.4,ml,,,,0.47,ak,ak15649135,2017-03-30T22:44:37.396Z,"14km NNW of North Nenana, Alaska",other event,,0.7,,,reviewed,ak,ak
2017-03-30T21:10:25.940Z,44.3101667,-110.9991667,11.83,1.4,md,11,173,0.1452,0.16,uu,uu60191037,2017-03-30T21:41:53.130Z,"21km SW of Old Faithful Geyser, Wyoming",earthquake,0.79,1.64,0.058,5,reviewed,uu,uu
2017-03-30T20:58:41.460Z,33.494,-116.4695,10.38,1,ml,22,139,0.08155,0.09,ci,ci37844920,2017-03-30T21:42:55.393Z,"20km ESE of Anza, CA",earthquake,0.22,0.43,0.092,18,reviewed,ci,ci
2017-03-30T20:56:58.050Z,35.7971667,-120.3481667,10.18,1.93,md,55,54,0.02504,0.06,nc,nc72782781,2017-03-31T05:14:03.000Z,"15km N of Shandon, California",earthquake,0.15,0.26,0.178,35,reviewed,nc,nc
2017-03-30T20:55:55.220Z,44.9618333,-111.9886667,4.8,2.55,ml,47,56,0.274,0.23,mb,mb80203584,2017-03-31T04:58:34.903Z,"37km S of Virginia City, Montana",earthquake,0.28,1.08,0.377,21,reviewed,mb,mb
2017-03-30T20:49:03.260Z,33.649,-117.1611667,-0.63,1.28,ml,12,250,0.08696,0.16,ci,ci37844904,2017-03-30T21:38:08.286Z,"9km S of Menifee, CA",chemical explosion,1.47,31.61,0.127,8,reviewed,ci,ci
2017-03-30T20:46:54.370Z,36.9515,-120.6775,14.08,1.93,md,20,134,0.3341,0.22,nc,nc72782776,2017-03-31T01:11:02.659Z,"2km WSW of South Dos Palos, California",earthquake,0.66,2.41,0.184,26,reviewed,nc,nc
2017-03-30T20:26:31.450Z,38.8381667,-122.8285,2.2,0.56,md,18,50,0.005473,0.02,nc,nc72782771,2017-03-31T03:00:05.724Z,"9km W of Cobb, California",earthquake,0.28,0.49,0.116,5,reviewed,nc,nc
2017-03-30T20:24:52.160Z,35.9209,-98.2686,5,2.7,mb_lg,,48,0.109,0.26,us,us10008dd4,2017-03-30T20:49:56.040Z,"15km ENE of Watonga, Oklahoma",earthquake,1.3,1.9,0.089,33,reviewed,us,us
2017-03-30T20:17:08.910Z,37.7955,-122.2105,12.26,1.18,md,23,86,0.03032,0.06,nc,nc72782766,2017-03-31T04:22:01.872Z,"3km SSE of Piedmont, California",earthquake,0.3,0.87,0.204,17,reviewed,nc,nc
2017-03-30T20:15:18.580Z,35.7983333,-120.3475,10.2,2.82,md,72,55,0.02603,0.07,nc,nc72782756,2017-03-31T02:58:02.720Z,"16km N of Shandon, California",earthquake,0.14,0.24,0.15,71,reviewed,nc,nc
2017-03-30T20:14:37.630Z,37.5178333,-121.8908333,7.47,1.09,md,16,88,0.02253,0.04,nc,nc72782761,2017-03-31T03:51:02.807Z,"9km ESE of Fremont, California",earthquake,0.27,0.47,0.164,12,reviewed,nc,nc
2017-03-30T20:11:18.440Z,36.7493333,-121.5948333,-0.22,1.49,md,18,126,0.02827,0.13,nc,nc72782751,2017-03-31T03:34:41.728Z,"7km ESE of Prunedale, California",quarry blast,0.37,31.61,0.217,13,reviewed,nc,nc
2017-03-30T20:02:26.730Z,46.2893333,-122.2723333,11.26,2.31,ml,31,47,0.01492,0.13,uw,uw61249937,2017-03-30T20:37:07.193Z,"29km S of Morton, Washington",earthquake,0.31,0.38,0.177,20,reviewed,uw,uw
2017-03-30T19:50:39.555Z,59.9176,-140.2644,5.3,1.9,ml,,,,0.83,ak,ak15648703,2017-03-30T20:03:56.079Z,"51km NW of Yakutat, Alaska",earthquake,,0.3,,,automatic,ak,ak
2017-03-30T19:35:45.000Z,-20.4229,-69.1531,109.58,4.4,mb,,45,0.28,0.55,us,us10008dcp,2017-03-30T21:23:24.040Z,"105km ESE of Iquique, Chile",earthquake,5.3,4.2,0.155,12,reviewed,us,us
2017-03-30T19:27:22.716Z,38.3915,-118.9167,7.7,2,ml,16,63.65,0.136,0.1934,nn,nn00583702,2017-03-30T20:20:03.880Z,"29km WSW of Hawthorne, Nevada",earthquake,,4.4,0.35,8,reviewed,nn,nn
2017-03-30T19:12:21.630Z,46.2446667,-122.0868333,5.77,0.68,ml,10,191,0.06857,0.07,uw,uw61249912,2017-03-31T00:16:25.660Z,"37km SSE of Morton, Washington",earthquake,0.48,0.93,0.149,4,reviewed,uw,uw
2017-03-30T18:54:48.050Z,34.6286667,-117.1481667,-1.02,1.56,ml,21,50,0.1643,0.38,ci,ci37844848,2017-03-30T21:57:55.074Z,"15km NNE of Apple Valley, CA",quarry blast,0.72,31.61,0.1,31,reviewed,ci,ci
2017-03-30T18:50:45.340Z,-17.0017,-71.1695,78.35,4,mb,,208,1.573,0.65,us,us10008dcf,2017-03-30T20:26:12.040Z,"32km NW of Moquegua, Peru",earthquake,7.3,6.2,0.259,4,reviewed,us,us
2017-03-30T18:50:14.450Z,-5.5574,151.8415,35,4.9,mb,,79,1.394,0.83,us,us10008dci,2017-03-30T19:58:10.040Z,"141km SSW of Kokopo, Papua New Guinea",earthquake,8,2,0.063,81,reviewed,us,us
2017-03-30T18:46:22.385Z,61.9877,-149.9472,30.9,2.9,ml,,,,0.75,ak,ak15648504,2017-03-30T19:14:59.924Z,"19km SSW of Y, Alaska",earthquake,,0.4,,,automatic,ak,ak
2017-03-30T18:38:44.310Z,38.8269997,-122.8548355,1.46,0.46,md,9,106,0.01595,0.02,nc,nc72782736,2017-03-30T18:45:04.490Z,"10km WNW of The Geysers, California",earthquake,0.32,0.9,0.14,2,automatic,nc,nc
2017-03-30T18:34:39.240Z,35.8479,-96.6507,4.68,2.2,mb_lg,,70,0.123,0.17,us,us10008dd2,2017-03-30T23:14:45.813Z,"11km N of Stroud, Oklahoma",earthquake,1.1,4.4,0.255,4,reviewed,us,us
2017-03-30T18:31:57.970Z,38.8308334,-122.7985001,1.83,1.15,md,15,55,0.009889,0.03,nc,nc72782731,2017-03-30T22:03:03.161Z,"6km W of Cobb, California",earthquake,0.29,0.47,0.06,3,automatic,nc,nc
2017-03-30T18:18:34.350Z,-5.7565,151.546,10,5,mb,,52,1.672,1.23,us,us10008dc7,2017-03-30T19:15:19.040Z,"157km E of Kimbe, Papua New Guinea",earthquake,7.2,1.8,0.085,44,reviewed,us,us
2017-03-30T18:03:12.206Z,60.9058,-149.629,37.5,1.2,ml,,,,0.37,ak,ak15648500,2017-03-30T21:19:15.164Z,"37km SSE of Anchorage, Alaska",earthquake,,0.5,,,reviewed,ak,ak
2017-03-30T18:01:55.830Z,-31.7384,179.8707,424.25,4.4,mb,,135,3.127,0.7,us,us10008dc1,2017-03-30T18:51:45.040Z,"121km WSW of L'Esperance Rock, New Zealand",earthquake,9.1,9.2,0.115,22,reviewed,us,us
2017-03-30T17:53:48.326Z,37.4388,-119.1032,146.9,1.6,ml,3,309.53,0.94,0.1444,nn,nn00583724,2017-03-30T21:16:44.886Z,"26km SSW of Mammoth Lakes, California",earthquake,,36.9,0,1,reviewed,nn,nn
2017-03-30T17:39:22.160Z,44.7601667,-111.0786667,7.84,0.78,md,11,108,0.0411,0.13,uu,uu60190982,2017-03-30T21:20:49.980Z,"11km N of West Yellowstone, Montana",earthquake,0.42,0.8,0.322,9,reviewed,uu,uu
2017-03-30T17:29:21.140Z,38.8168335,-122.8215027,2.91,1,md,11,84,0.009961,0.02,nc,nc72782721,2017-03-30T17:36:02.327Z,"7km NW of The Geysers, California",earthquake,0.41,0.52,0.12,2,automatic,nc,nc
2017-03-30T17:27:07.370Z,46.2956667,-117.9978333,-0.39,2.35,ml,17,184,0.241,0.3,uw,uw61249867,2017-03-30T17:53:28.800Z,"3km SSW of Dayton, Washington",explosion,1.06,31.61,0.096,16,reviewed,uw,uw
2017-03-30T17:25:01.880Z,49.3898333,-120.4936667,-1.5,2.13,ml,9,266,0.9451,0.35,uw,uw61249862,2017-03-31T00:18:05.840Z,"7km S of Princeton, Canada",explosion,8.92,31.61,0.087,6,reviewed,uw,uw
2017-03-30T17:18:33.390Z,38.8225,-122.7756667,1.58,0.22,md,8,103,0.009141,0.03,nc,nc72782716,2017-03-31T03:18:02.755Z,"4km W of Cobb, California",earthquake,0.39,0.74,0.005,2,reviewed,nc,nc
2017-03-30T17:05:56.094Z,63.1533,-149.7161,94.8,1.5,ml,,,,0.46,ak,ak15648315,2017-03-30T17:11:15.197Z,"46km SW of Cantwell, Alaska",earthquake,,0.6,,,automatic,ak,ak
2017-03-30T16:39:23.880Z,37.3233333,-122.1016667,-0.31,1.2,md,9,98,0.01282,0.04,nc,nc72782711,2017-03-31T01:07:55.284Z,"3km S of Loyola, California",quarry blast,0.25,31.61,0.324,9,reviewed,nc,nc
2017-03-30T16:21:44.430Z,38.8261681,-122.7955017,2.51,0.98,md,15,66,0.01171,0.03,nc,nc72782706,2017-03-30T18:47:02.495Z,"6km W of Cobb, California",earthquake,0.29,0.52,0.15,4,automatic,nc,nc
2017-03-30T15:40:06.120Z,-23.3997,-179.6897,540.72,4.9,mb,,118,6.01,0.98,us,us10008dbm,2017-03-30T16:01:00.040Z,"South of the Fiji Islands",earthquake,11.1,7.7,0.091,38,reviewed,us,us
2017-03-30T15:31:19.523Z,61.7825,-148.5152,11.8,1.7,ml,,,,0.56,ak,ak15648123,2017-03-30T15:39:33.692Z,"17km E of Sutton-Alpine, Alaska",earthquake,,0.2,,,automatic,ak,ak
2017-03-30T15:15:17.478Z,60.1529,-140.9573,0.5,1.9,ml,,,,0.66,ak,ak15648121,2017-03-30T15:19:34.831Z,"82km E of Cape Yakataga, Alaska",earthquake,,0.2,,,automatic,ak,ak
2017-03-30T15:03:04.445Z,37.5292,-117.4022,3,0.7,ml,13,92.8,0.172,0.1629,nn,nn00583685,2017-03-30T17:02:15.515Z,"24km SW of Goldfield, Nevada",earthquake,,2.7,0.31,6,reviewed,nn,nn
2017-03-30T14:58:48.912Z,62.8712,-152.1079,9.7,1,ml,,,,0.8,ak,ak15648117,2017-03-30T15:06:08.649Z,"119km WNW of Talkeetna, Alaska",earthquake,,0.2,,,automatic,ak,ak
2017-03-30T14:58:24.150Z,37.4308333,-119.0446667,2.55,1.75,md,26,143,0.1206,0.07,nc,nc72782701,2017-03-30T19:45:03.654Z,"25km SSW of Mammoth Lakes, California",earthquake,0.24,1.25,0.311,23,reviewed,nc,nc
2017-03-30T14:57:05.830Z,38.822,-122.8045,2.76,0.24,md,10,131,0.004571,0.03,nc,nc72782696,2017-03-31T03:58:02.810Z,"6km NW of The Geysers, California",earthquake,0.48,0.47,0.11,3,reviewed,nc,nc
2017-03-30T14:50:09.630Z,47.7478333,-122.0841667,21.04,1.44,ml,16,96,0.1994,0.19,uw,uw61249817,2017-03-30T18:16:40.510Z,"0km NW of Cottage Lake, Washington",earthquake,0.4,1.3,0.229,13,reviewed,uw,uw
2017-03-30T14:48:30.640Z,36.2807,-97.517,5,2.8,mb_lg,,27,0.206,0.12,us,us10008db5,2017-03-30T15:02:16.040Z,"20km W of Perry, Oklahoma",earthquake,1.3,1.8,0.077,44,reviewed,us,us
2017-03-30T14:44:58.460Z,55.1848,-159.5044,42.79,3.7,mb,,193,0.58,1.12,us,us10008db2,2017-03-30T15:10:48.040Z,"44km N of Chernabura Island, Alaska",earthquake,8.1,20.3,0.291,3,reviewed,us,us
2017-03-30T14:41:26.640Z,38.815834,-122.7628326,1.45,0.87,md,12,75,0.01418,0.03,nc,nc72782681,2017-03-30T15:14:01.858Z,"3km WSW of Cobb, California",earthquake,0.34,0.47,0.05,3,automatic,nc,nc
2017-03-30T14:25:39.915Z,63.266,-150.5878,131.1,2.1,ml,,,,0.37,ak,ak15648105,2017-03-30T15:04:19.760Z,"83km W of Cantwell, Alaska",earthquake,,0.7,,,automatic,ak,ak
2017-03-30T14:23:24.532Z,60.6565,-152.235,90.8,1.3,ml,,,,0.42,ak,ak15648102,2017-03-30T14:28:11.353Z,"33km NE of Redoubt Volcano, Alaska",earthquake,,1.2,,,automatic,ak,ak
2017-03-30T14:10:47.400Z,32.6758333,-115.8538333,5.75,1.68,ml,25,84,0.06426,0.16,ci,ci37844704,2017-03-30T18:39:38.290Z,"15km ESE of Ocotillo, CA",earthquake,0.24,0.63,0.17,27,reviewed,ci,ci
2017-03-30T13:21:41.400Z,33.7668333,-116.7575,13.19,1.63,ml,55,33,0.04058,0.18,ci,ci37844640,2017-03-30T14:57:04.620Z,"5km NW of Idyllwild, CA",earthquake,0.18,0.41,0.161,26,reviewed,ci,ci
2017-03-30T13:21:29.127Z,59.9507,-152.2153,82.3,1.2,ml,,,,0.1,ak,ak15648084,2017-03-30T13:23:23.566Z,"28km NW of Anchor Point, Alaska",earthquake,,3.8,,,automatic,ak,ak
2017-03-30T13:20:03.292Z,61.4474,-146.7136,27.8,1.4,ml,,,,0.82,ak,ak15648082,2017-03-30T13:23:23.351Z,"40km NNW of Valdez, Alaska",earthquake,,0.2,,,automatic,ak,ak
2017-03-30T13:19:30.900Z,46.191,-122.175,5.02,-0.21,md,5,198,0.02525,0.19,uw,uw61249792,2017-03-30T18:10:26.050Z,"37km NE of Amboy, Washington",earthquake,0.78,1.43,,1,reviewed,uw,uw
2017-03-30T13:16:11.760Z,38.8061667,-122.8198333,3.34,0.35,md,22,117,0.007783,0.04,nc,nc72782666,2017-03-30T17:43:02.337Z,"6km WNW of The Geysers, California",earthquake,0.28,0.29,0.103,4,reviewed,nc,nc
2017-03-30T13:13:08.110Z,-55.6977,-27.0356,10,5.4,mb,,61,5.623,0.92,us,us10008d9x,2017-03-30T13:35:57.040Z,"112km N of Visokoi Island, South Georgia and the South Sandwich Islands",earthquake,5.7,1.8,0.067,75,reviewed,us,us
2017-03-30T12:54:57.456Z,36.7593,-116.2236,5.5,-0.2,ml,6,186.58,0.033,0.0843,nn,nn00583722,2017-03-31T02:36:53.731Z,"50km ESE of Beatty, Nevada",earthquake,,2.8,0,1,reviewed,nn,nn
2017-03-30T12:36:29.673Z,61.493,-146.7351,24.2,2,ml,,,,0.58,ak,ak15647894,2017-03-30T12:40:55.378Z,"45km NNW of Valdez, Alaska",earthquake,,0.2,,,automatic,ak,ak
2017-03-30T12:20:43.129Z,36.7218,-116.2117,3,-0.1,ml,9,116.45,0.006,0.1022,nn,nn00583715,2017-03-31T02:36:51.962Z,"53km ESE of Beatty, Nevada",earthquake,,1.3,0.07,4,reviewed,nn,nn
2017-03-30T12:13:06.050Z,33.6978333,-116.7291667,16.32,0.59,ml,24,56,0.01825,0.15,ci,ci37844600,2017-03-30T13:20:22.880Z,"5km SSW of Idyllwild, CA",earthquake,0.39,0.51,0.23,16,reviewed,ci,ci
2017-03-30T12:00:54.990Z,34.4676667,-116.7886667,1.6,1.29,ml,29,59,0.1236,0.15,ci,ci37844584,2017-03-30T13:20:13.707Z,"17km E of Lucerne Valley, CA",earthquake,0.26,0.58,0.093,28,reviewed,ci,ci
2017-03-30T11:54:30.020Z,38.8199997,-122.8024979,2.27,1,md,18,81,0.00682,0.04,nc,nc72782626,2017-03-30T12:36:02.563Z,"6km W of Cobb, California",earthquake,0.25,0.46,0.01,4,automatic,nc,nc
2017-03-30T11:49:13.960Z,33.241,-116.0553333,4.89,1.92,ml,76,27,0.07007,0.21,ci,ci37844576,2017-03-30T18:23:28.890Z,"11km SW of Salton City, CA",earthquake,0.15,0.61,0.144,79,reviewed,ci,ci
2017-03-30T11:46:15.810Z,33.3143333,-116.3278333,10.64,0.94,ml,36,100,0.03516,0.21,ci,ci37844568,2017-03-30T21:17:25.075Z,"8km NE of Borrego Springs, CA",earthquake,0.31,0.51,0.151,24,reviewed,ci,ci
2017-03-30T11:45:31.545Z,60.09,-153.33,156.2,3.5,ml,,,,0.57,ak,ak15647873,2017-03-30T12:07:20.748Z,"54km SW of Redoubt Volcano, Alaska",earthquake,,0.7,,,reviewed,ak,ak
2017-03-30T11:40:28.616Z,57.9637,-156.2409,123.6,1.7,ml,,,,0.22,ak,ak15647872,2017-03-30T11:45:09.609Z,"84km SSE of King Salmon, Alaska",earthquake,,1.3,,,automatic,ak,ak
2017-03-30T11:01:15.200Z,18.9843,-66.9694,22,2.9,Md,8,252,0.53000602,0.21,pr,pr17089008,2017-03-30T15:36:56.813Z,"53km N of Isabela, Puerto Rico",earthquake,1.2,14.5,0,7,reviewed,pr,pr
2017-03-30T10:50:57.750Z,33.6905,-116.8055,15.33,1.67,ml,58,27,0.0699,0.17,ci,ci37844560,2017-03-30T13:21:30.340Z,"10km SW of Idyllwild, CA",earthquake,0.19,0.36,0.276,26,reviewed,ci,ci
2017-03-30T10:39:16.150Z,37.4283333,-119.043,3.9,1.51,md,21,145,0.1207,0.06,nc,nc72782611,2017-03-30T18:19:02.419Z,"25km SSW of Mammoth Lakes, California",earthquake,0.26,1.84,0.233,17,reviewed,nc,nc
2017-03-30T10:34:53.100Z,17.1534,95.9052,17.73,4.2,mb,,166,0.372,0.48,us,us10008ddy,2017-03-31T03:13:08.479Z,"30km ENE of Nyaungdon, Burma",earthquake,9.7,10.5,0.235,5,reviewed,us,us
2017-03-30T10:33:19.857Z,39.5223,-120.3025,0,0,ml,3,168.09,0.171,0.3496,nn,nn00583711,2017-03-31T02:36:49.896Z,"23km NNW of Truckee, California",earthquake,,0,0,1,reviewed,nn,nn
2017-03-30T09:42:22.695Z,61.785,-151.7004,94.3,1.6,ml,,,,0.38,ak,ak15647683,2017-03-30T09:50:12.686Z,"87km W of Willow, Alaska",earthquake,,0.6,,,automatic,ak,ak
2017-03-30T09:31:19.400Z,19.1954,-65.1826,30,3.3,Md,11,306,0.88843382,0.17,pr,pr17089006,2017-03-30T09:55:41.429Z,"98km NNW of Charlotte Amalie, U.S. Virgin Islands",earthquake,1.5,12.2,0,8,reviewed,pr,pr
2017-03-30T09:18:11.040Z,34.216,-117.46,8.41,0.66,ml,23,63,0.02582,0.14,ci,ci37844544,2017-03-30T17:29:43.942Z,"5km W of Devore, CA",earthquake,0.22,0.55,0.092,10,reviewed,ci,ci
2017-03-30T09:11:25.628Z,60.0679,-152.0954,73.6,1.3,ml,,,,0.27,ak,ak15647681,2017-03-30T16:44:23.457Z,"35km NNW of Anchor Point, Alaska",earthquake,,0.6,,,reviewed,ak,ak
2017-03-30T09:09:58.310Z,34.2281667,-117.4598333,9.11,2.97,ml,178,16,0.0196,0.23,ci,ci37844488,2017-03-31T04:59:05.419Z,"5km SE of Lytle Creek, CA",earthquake,0.12,0.24,0.141,253,reviewed,ci,ci
2017-03-30T09:09:51.330Z,34.2231667,-117.4621667,9.2,1.14,ml,38,37,0.01995,0.13,ci,ci37844480,2017-03-30T14:31:47.881Z,"5km SE of Lytle Creek, CA",earthquake,0.17,0.33,0.107,10,reviewed,ci,ci
2017-03-30T09:06:54.289Z,63.1759,-150.5948,7.5,0.6,ml,,,,0.31,ak,ak15647679,2017-03-30T09:12:07.162Z,"85km WSW of Cantwell, Alaska",earthquake,,0.5,,,automatic,ak,ak
2017-03-30T09:06:21.470Z,-37.0961,-74.0363,10,4.7,mb,,135,0.761,1.18,us,us10008d94,2017-03-30T10:11:53.040Z,"65km WNW of Arauco, Chile",earthquake,4.5,1.9,0.093,36,reviewed,us,us
2017-03-30T09:03:59.850Z,-5.5105,151.8624,54.97,4.7,mb,,128,1.344,0.8,us,us10008d98,2017-03-30T10:07:18.040Z,"135km SSW of Kokopo, Papua New Guinea",earthquake,7.6,7.4,0.1,30,reviewed,us,us
2017-03-30T08:51:08.750Z,-4.3911,102.362,59.04,4.9,mb,,98,0.592,0.59,us,us10008d92,2017-03-30T09:14:14.047Z,"66km S of Bengkulu, Indonesia",earthquake,3.4,7.3,0.085,43,reviewed,us,us
2017-03-30T08:42:24.400Z,18.139,-65.6405,12,2.2,Md,3,154.8,0.09252647,0.09,pr,pr17089007,2017-03-30T11:19:03.835Z,"10km SSE of Daguao, Puerto Rico",earthquake,4.4,2.9,0,3,reviewed,pr,pr
2017-03-30T08:32:54.554Z,38.0513,-118.8227,13.1,0.9,ml,9,134.37,0.035,0.0509,nn,nn00583672,2017-03-31T02:36:17.169Z,"42km ESE of Bridgeport, California",earthquake,,3.3,0.44,2,reviewed,nn,nn
2017-03-30T08:32:49.680Z,37.374,-97.3752,5,2.9,mb_lg,,168,0.202,0.2,us,us10008d8w,2017-03-30T22:52:50.465Z,"8km WSW of Belle Plaine, Kansas",earthquake,1.8,2,0.067,58,reviewed,us,us
2017-03-30T08:31:05.510Z,33.4483333,-116.5616667,9.34,0.65,ml,20,114,0.05733,0.11,ci,ci37844464,2017-03-30T13:21:03.593Z,"16km SE of Anza, CA",earthquake,0.28,0.39,0.184,20,reviewed,ci,ci
2017-03-30T08:17:33.810Z,33.237,-116.0483333,7.22,1.77,ml,67,30,0.06774,0.22,ci,ci37844456,2017-03-30T17:09:54.400Z,"11km SW of Salton City, CA",earthquake,0.18,0.93,0.152,69,reviewed,ci,ci
2017-03-30T08:09:47.300Z,33.494,-116.782,5.17,0.53,ml,20,43,0.08041,0.13,ci,ci37844440,2017-03-30T13:21:20.072Z,"10km NE of Aguanga, CA",earthquake,0.23,1.08,0.148,15,reviewed,ci,ci
2017-03-30T07:57:22.780Z,-5.5774,151.8071,35,5.3,mb,,45,1.422,1.05,us,us10008d8n,2017-03-30T08:16:25.040Z,"144km SSW of Kokopo, Papua New Guinea",earthquake,8.7,2,0.038,227,reviewed,us,us
2017-03-30T07:37:09.377Z,62.9544,-150.7839,116.1,2.8,ml,,,,0.42,ak,ak15647489,2017-03-30T07:51:24.518Z,"78km NNW of Talkeetna, Alaska",earthquake,,0.5,,,automatic,ak,ak
2017-03-30T07:32:33.758Z,60.1814,-152.483,89.3,1.6,ml,,,,0.31,ak,ak15647488,2017-03-30T16:40:11.249Z,"36km SSE of Redoubt Volcano, Alaska",earthquake,,0.3,,,reviewed,ak,ak
2017-03-30T07:21:37.760Z,46.1951667,-122.1703333,5,0.45,ml,6,210,0.02315,0.19,uw,uw61249687,2017-03-30T18:07:42.890Z,"38km NE of Amboy, Washington",earthquake,1.67,1.05,0.027,4,reviewed,uw,uw
2017-03-30T07:20:08.730Z,64.7583,-147.8034,10.4,0.1,ml,,,,0.31,ak,ak15647487,2017-03-30T07:25:13.179Z,"9km SSW of Fairbanks, Alaska",earthquake,,0.6,,,automatic,ak,ak
2017-03-30T07:17:16.880Z,33.449,-116.5783333,9.88,0.81,ml,29,77,0.04975,0.17,ci,ci37844432,2017-03-30T13:22:38.380Z,"15km SE of Anza, CA",earthquake,0.26,0.58,0.236,22,reviewed,ci,ci
2017-03-30T07:14:07.790Z,35.6708,-97.4072,7.7,2.4,mb_lg,,38,0.09,0.26,us,us10008d8g,2017-03-31T03:32:00.315Z,"6km ENE of Edmond, Oklahoma",earthquake,1.1,2.6,0.147,12,reviewed,us,us
2017-03-30T07:07:50.870Z,37.6446667,-118.9496667,4.35,0.37,md,8,114,0.02865,0.02,nc,nc72782576,2017-03-30T17:26:02.310Z,"2km ESE of Mammoth Lakes, California",earthquake,0.96,0.98,0.223,5,reviewed,nc,nc
2017-03-30T06:55:09.880Z,33.8736667,-117.0303333,8.06,0.68,ml,10,195,0.1105,0.08,ci,ci37844424,2017-03-30T19:19:17.702Z,"8km SW of Beaumont, CA",earthquake,0.33,0.88,0.131,7,reviewed,ci,ci
2017-03-30T06:53:32.170Z,38.8598333,-122.9425,5.7,1.01,md,26,182,0.02699,0.06,nc,nc72782571,2017-03-30T17:09:05.295Z,"8km NE of Cloverdale, California",earthquake,0.43,0.41,0.096,7,reviewed,nc,nc
2017-03-30T06:48:24.350Z,-37.0864,-74.0098,16.46,4.7,mwr,,133,0.738,0.84,us,us10008d88,2017-03-30T07:12:13.995Z,"63km WNW of Arauco, Chile",earthquake,6,4.9,0.046,45,reviewed,us,us
2017-03-30T06:47:39.490Z,38.8383331,-122.7679977,2.58,0.4,md,7,188,0.007823,0.02,nc,nc72782566,2017-03-30T06:55:01.499Z,"4km WNW of Cobb, California",earthquake,1.6,1.61,0.12,2,automatic,nc,nc
2017-03-30T06:47:04.290Z,33.8621667,-116.5371667,12.59,1.12,ml,35,40,0.03966,0.16,ci,ci37844416,2017-03-30T13:21:40.503Z,"4km N of Palm Springs, CA",earthquake,0.23,0.53,0.205,26,reviewed,ci,ci
2017-03-30T06:33:43.027Z,38.0216,-118.8243,3.7,0.8,ml,7,192.18,0.054,0.1656,nn,nn00583708,2017-03-31T02:36:47.900Z,"43km NNE of Mammoth Lakes, California",earthquake,,3.3,0.1,2,reviewed,nn,nn
2017-03-30T06:33:38.400Z,38.8199997,-122.7959976,0.68,0.68,md,9,110,0.01151,0.02,nc,nc72782561,2017-03-30T09:13:02.013Z,"5km NW of The Geysers, California",earthquake,0.35,0.76,0.25,2,automatic,nc,nc
2017-03-30T06:26:08.799Z,61.6034,-147.1848,25.6,1.4,ml,,,,0.59,ak,ak15647480,2017-03-30T06:30:41.710Z,"69km NW of Valdez, Alaska",earthquake,,0.2,,,automatic,ak,ak
2017-03-30T06:22:17.815Z,61.6069,-148.243,17.5,1.4,ml,,,,0.55,ak,ak15647309,2017-03-30T06:28:00.349Z,"37km E of Lazy Mountain, Alaska",earthquake,,0.1,,,automatic,ak,ak
2017-03-30T06:20:12.300Z,33.6776667,-116.7463333,16.4,0.44,ml,25,66,0.04284,0.11,ci,ci37844408,2017-03-30T16:47:25.304Z,"7km SSW of Idyllwild, CA",earthquake,0.22,0.37,0.152,11,reviewed,ci,ci
2017-03-30T06:04:26.525Z,63.2151,-150.5857,125.8,1.7,ml,,,,0.58,ak,ak15647305,2017-03-30T06:17:35.791Z,"84km WSW of Cantwell, Alaska",earthquake,,1.2,,,automatic,ak,ak
2017-03-30T05:46:18.310Z,33.4936667,-116.785,4.42,0.71,ml,33,39,0.08189,0.15,ci,ci37844400,2017-03-30T13:22:42.790Z,"9km NE of Aguanga, CA",earthquake,0.2,0.47,0.143,22,reviewed,ci,ci
2017-03-30T05:41:22.800Z,19.1508,-65.8369,30,2.4,Md,4,291.6,0.86777256,0.27,pr,pr17089005,2017-03-30T08:11:32.441Z,"79km N of Loiza, Puerto Rico",earthquake,2.6,18.5,0,4,reviewed,pr,pr
2017-03-30T05:35:32.967Z,63.2688,-151.5348,0,1.4,ml,,,,0.89,ak,ak15647302,2017-03-30T05:44:00.085Z,"127km NW of Talkeetna, Alaska",earthquake,,0.3,,,automatic,ak,ak
2017-03-30T05:32:54.180Z,37.6493333,-118.8721667,2.45,0.31,md,14,129,0.02019,0.03,nc,nc72782556,2017-03-30T17:00:04.282Z,"8km E of Mammoth Lakes, California",earthquake,0.41,0.51,0.192,13,reviewed,nc,nc
2017-03-30T05:29:09.340Z,34.287,-116.6293333,11.18,1.09,ml,47,67,0.08022,0.13,ci,ci37844392,2017-03-30T16:41:06.657Z,"20km E of Big Bear City, CA",earthquake,0.15,0.55,0.101,23,reviewed,ci,ci
2017-03-30T05:27:45.800Z,19.1259,-65.8933,44,2.9,Md,3,324,0.84890794,0.07,pr,pr17089004,2017-03-30T08:10:47.209Z,"76km NNE of San Juan, Puerto Rico",earthquake,2,6.6,0,3,reviewed,pr,pr
